k,accuracy,f1,auroc,auprc,sum
1,0.7741935483870968,0.7439024390243902,0.7696511627906977,0.6891193952334238,2.976866545435608
5,0.7956989247311828,0.7738095238095238,0.8646511627906976,0.8033875411802596,3.237547152511664
10,0.8064516129032258,0.7857142857142857,0.8921511627906976,0.8593124407533945,3.343629502161604
