alpha,l1_ratio,RMSE,R2
0.1,0.1,47.53965094939434,-0.008215191469183925
0.1,0.5,47.58765673334511,-0.01025242132073001
0.1,0.9,47.6472603857307,-0.01278469325116105
1.0,0.1,47.24797487803003,0.004118517796324328
1.0,0.5,47.30421877766852,0.0017461157314961895
1.0,0.9,47.44623748043019,-0.004256881055365369
10.0,0.1,47.33954766573405,0.00025447840171011205
10.0,0.5,47.41257775707803,-0.0028324891468523017
10.0,0.9,47.38796017164815,-0.0017913769964355009
